,Name,DOB,ID,Address,Country
0,Vanessa Gallagher,1948-04-11,36932642,"81505 Brandon Ways
West Francisco, AR 75131",Qatar
1,Michelle Robinson,1914-06-04,43865869,"2842 Page Square Suite 853
Cassandrahaven, HI 39580",Kuwait
2,Jessica Beasley,1926-02-12,39914562,"32291 Yesenia View Suite 026
Hoffmanberg, AR 56284",Mozambique
3,Carolyn Gibson,1951-11-27,65637513,"Unit 9582 Box 6765
DPO AE 01099",Saint Vincent and the Grenadines
4,Samuel Buckley,1952-04-30,67370992,"7654 Garcia Station Suite 147
South Stephenshire, GA 73399",Tunisia
5,Connie Frey,1909-11-07,66340192,"85711 Torres Locks
Jimenezland, AZ 95153",Martinique
6,Kelly Crosby,1907-03-27,96715866,"807 Turner Estate Apt. 831
West Danielbury, ME 46997",Maldives
7,Anthony Ramirez,1989-10-24,83024386,"49534 Zachary Plaza Apt. 686
Wilsonview, AR 86828",Mauritius
8,Jeff Perkins,1972-08-01,91013006,"22533 Curtis Crossing
West Susan, AS 19147",Antigua and Barbuda
9,Stephen Lopez,1988-12-13,91559329,"499 Green Key Suite 771
Colemanville, MT 52340",Paraguay
10,Timothy Gordon,1980-04-19,87656452,"71276 Brianna Hill Apt. 697
Lake Sarahport, AR 48736",Congo
11,Christopher Reeves,1929-01-26,70616686,"0828 Lopez Skyway Apt. 154
North Cory, NH 97494",Bangladesh
12,Debra Hernandez,1971-08-17,18805091,"5606 Christopher Walks
East Jonathan, SC 96575",North Macedonia
13,Margaret Marsh,1952-04-06,68566630,"03764 Jones Ridges
Pereztown, UT 40028",Tuvalu
14,Michael Navarro,1903-07-18,77755983,"213 Nicholas Cliff Apt. 321
Phillipsside, KY 15985",Saint Vincent and the Grenadines
15,Kelsey Rocha,1906-09-07,58910179,"435 Lindsey Plaza Suite 653
East Michael, WA 20776",Barbados
16,Robert Mcmahon,1975-07-12,53681497,"60458 Thompson Mission
East Jesus, ND 77566",Liberia
17,Chelsea Sawyer,1962-10-23,76079758,"99369 Nolan Pine Apt. 862
Hendricksbury, VA 11822",Denmark
18,Andrew Grant,1931-09-15,59660089,"683 Sally Vista Apt. 668
Olsonview, NY 59834",Libyan Arab Jamahiriya
19,Dr. Maria Jackson,1943-12-16,62143113,"Unit 2525 Box 6867
DPO AA 15662",Iceland
20,Brandon Marks,1954-09-19,52146310,"6525 Krista Village
Port Joseph, UT 04990",Cook Islands
21,John Allen,1980-05-15,17467834,"76182 Jenna Hills Suite 370
Beckmouth, NY 51959",Lesotho
22,Brenda Jones,1991-11-21,67621438,"84790 Potter Vista Apt. 230
Parkmouth, AL 90458",Trinidad and Tobago
23,Laura Jimenez,1993-05-08,53053344,"01617 Charles Fork
Port Thomas, VT 85717",Gibraltar
24,Katie Sawyer,1911-07-22,69007848,"56943 Jeffrey Village
Wilkinsonmouth, MD 67982",Jamaica
25,Rodney Hughes,1964-05-11,60771937,"82004 Noble Way Apt. 859
Shannonhaven, CA 86443",Slovakia (Slovak Republic)
26,Timothy Fuentes,1912-02-23,62218930,"12736 Davis Ferry Suite 667
Youngfurt, TX 19466",Tuvalu
27,Stacey Stone,1931-03-15,50817157,"466 Anna Isle Apt. 510
New Mark, IL 96331",Burundi
28,Marcus Fowler,1960-08-30,57475228,"8390 Jason Viaduct Apt. 763
Patrickchester, DC 02076",Libyan Arab Jamahiriya
29,Scott Hood,1953-06-20,70513886,"8851 Kelly Underpass
Pottsborough, DE 13304",Luxembourg
30,Marcia Williams,1911-08-23,74875607,"3916 Michelle Lodge Apt. 324
Wongchester, WI 29276",Sri Lanka
31,Dale Bowman,1965-11-26,33011019,"859 Harris Meadow
Garzaberg, ND 99177",Brazil
32,Ellen Greene,1935-11-14,69317874,"27248 Lewis Corner
Lake Tammyside, ID 72930",Samoa
33,Preston Riddle,1919-03-29,87400843,"934 King Turnpike Apt. 735
Schwartztown, ND 58742",Guernsey
34,Gerald Wagner,1957-11-11,46921348,"134 Linda Parkway
Williammouth, AL 09277",Papua New Guinea
35,Adrian Roberts,1968-09-20,80388147,"PSC 6520, Box 3437
APO AE 86651",Finland
36,Stephen Hawkins,1978-08-23,96974222,"80396 Nancy Lights Suite 899
New Joannestad, OK 58438",Aruba
37,Kimberly Copeland,1919-02-22,15042884,"6852 Hughes Court
West Brandonside, NY 90860",Sao Tome and Principe
38,Bryan Waller,1972-03-02,37720901,"USCGC Fuller
FPO AE 65998",Lebanon
39,Shannon Middleton,1981-12-26,12049094,"355 Miles Track Apt. 959
Johnmouth, HI 56820",Bahamas
40,Tyler Hughes,1932-10-04,99721251,"378 Dana Stream
Kimshire, MD 64836",Canada
41,Tami Thomas,2007-05-03,86292733,"709 Schmidt Cliffs
North Michaelview, PA 62294",Finland
42,April Brown,1950-11-09,77769556,"0547 David Islands Suite 662
East Jeffery, RI 93241",Macao
43,Joseph Hill,1974-03-09,71339180,"54391 Perkins Circles
Chavezshire, OR 21506",Norway
44,Virginia Williams,1953-11-05,48927823,"6336 Roberts Fall
Hernandezborough, WY 81811",South Georgia and the South Sandwich Islands
45,Darren Tate,1982-03-14,12195547,"6376 Rachel Brook Apt. 191
South Justinville, WI 20542",Norfolk Island
46,Lisa Sherman,1951-05-11,96893993,"PSC 4770, Box 3147
APO AP 81151",Bahrain
47,Gabriel Thompson,1957-06-16,59298895,"5568 Warren Glens
Grayberg, NH 57637",San Marino
48,Darrell Freeman,1904-07-11,25918378,"607 Young Track Apt. 545
Petersmouth, MT 49392",Fiji
49,Christopher Woods,1964-04-10,84131327,"71362 Grant Prairie
Jacksonland, VI 50825",United States Minor Outlying Islands
50,Laura Holmes,1922-06-23,78074687,"706 Sara Ramp Suite 849
North Timothymouth, MN 25893",Aruba
51,Charles Lee,1957-08-11,45892003,"957 Robert Expressway Suite 752
Maloneview, GU 14676",Myanmar
52,Heather Murray,1911-03-02,19363364,"739 Simpson Route Suite 534
North Jeremy, WI 43530",Kyrgyz Republic
53,Kimberly Johnson,1979-08-19,24185582,"81909 Eric Springs Apt. 662
Lake Calebberg, DE 69724",French Guiana
54,William Shaw,1935-08-03,97158690,"9990 Oneal Square Suite 195
Kellyberg, AS 30086",Isle of Man
55,Diane Lee,1910-07-29,54324257,"346 Sonia Forks
Lake Theresaview, AK 24333",Western Sahara
56,Ryan Smith,1940-08-20,37244278,"5106 Foster Port
Jamesburgh, HI 14705",Nicaragua
57,Stephen Arnold,1944-01-20,75532828,"05745 William Well Apt. 401
Port Katherine, PA 31220",Bolivia
58,Todd Le,1967-09-01,21647203,"962 Taylor Villages
East Randyborough, PR 29296",Marshall Islands
59,Kara Stanley,2007-11-11,81532917,"5853 Daniel Points Apt. 078
Valenzuelaport, UT 55551",Turks and Caicos Islands
60,Jennifer Burke,1968-06-03,96445591,"19495 Tracy Camp
Elliston, AL 68692",United States of America
61,Wendy Suarez,1930-09-11,86520934,"USNS Moreno
FPO AP 83096",Nigeria
62,Cheryl Nelson,1951-09-02,91237322,"959 Timothy Wells
Wrightburgh, MD 12678",Nigeria
63,David Obrien,1998-08-16,63125739,"672 Evans Ranch Apt. 807
Quinnville, NY 69082",Reunion
64,Sarah Smith,1997-02-24,58470836,"85791 Juan Roads
Wuport, AK 19556",Singapore
65,Margaret Bentley,1965-07-26,50427335,"649 Clark Groves
Port Howardberg, AR 19094",Tunisia
66,Ronald Mosley,1918-03-27,73329405,"460 Matthew Keys
Nicholsonchester, TN 79984",Northern Mariana Islands
67,Eric Avila,1963-03-11,83032367,"107 Garza Fords Apt. 331
Josephshire, NE 50134",Cyprus
68,Jessica Schmidt,1966-03-05,81489246,"44907 Rivera Summit
Christinaside, FM 36990",Algeria
69,Lisa Taylor,1977-11-05,22058143,"775 Lawson Valley Apt. 187
West Elijah, RI 11364",Latvia
70,Jerry Keller,1994-06-02,10863057,"1216 Ingram Glen
South Audrey, AR 34384",Kiribati
71,Nicholas Sullivan,1933-03-25,89225515,"188 Karen Garden
West Michael, DE 56863",Uruguay
72,Breanna Henderson,1971-02-19,17086564,"0138 Walker Locks
New Davidtown, FL 37001",Dominican Republic
73,Yvette Sanders,1913-04-27,44756789,"USNS Garcia
FPO AE 29655",Zimbabwe
74,Marcus Watkins,1986-07-13,93230264,"5667 Robbins Forges Suite 300
Bassview, MP 93015",Syrian Arab Republic
75,Laurie Harris,1924-02-05,95866721,"USNV Mann
FPO AA 96776",Samoa
76,Paul Moore,1906-08-14,67213503,"6770 Vega Lakes Apt. 210
Gonzalezside, WV 35540",Greenland
77,Erica Jackson,1921-12-31,20445936,"USNS Ramirez
FPO AP 10994",United Arab Emirates
78,Timothy Randall,1927-04-24,97273703,"2368 Ryan Brooks
Schneiderhaven, CO 20823",France
79,Matthew Stewart,1992-10-26,67234962,"70927 Rocha Streets Suite 503
Kirstenberg, MN 50728",Niger
80,Matthew Sanchez,1973-08-19,30843106,"3592 Peter Cliffs
North Ryan, ND 33629",Ghana
81,Cynthia Jones,1917-03-06,26793315,"2332 Simpson Via Apt. 356
West Erinborough, ID 17713",Djibouti
82,Kerry Green,1920-10-21,37370591,"17223 Ramirez Falls
Townsendland, GA 23825",Honduras
83,Lindsey Mason,1930-08-30,46846177,"185 Walsh Trail Apt. 161
Boydton, OK 02539",Saint Barthelemy
84,Michael Ramirez,1988-09-25,19658931,"26544 Samantha Harbors Suite 942
Lake Robertburgh, CO 73124",Mongolia
85,Matthew Baker,1995-05-19,76339566,"35098 Wright Freeway Apt. 459
Stephanieville, NY 31197",Andorra
86,Brian Washington,1988-01-29,17041534,"PSC 3618, Box 8482
APO AP 42739",Germany
87,Roberto Ford,1979-01-15,36371144,"949 Brown Square Apt. 687
New Eric, NE 01227",San Marino
88,Laurie Cervantes,1952-09-12,42551342,"5290 Johnson Ramp
East Jerome, AK 82595",Vietnam
89,Katherine Figueroa,2004-10-06,90214643,"6199 Joshua Track Suite 663
Lake Robinbury, AR 86383",Niue
90,Randy Fernandez,1953-02-11,45395643,"941 Deleon Corner
Mcconnellchester, WV 07676",Niue
91,Victoria Peterson,1975-01-31,18105111,"00055 Heidi Gateway
Lake Ralph, DC 04522",Spain
92,Joshua Rodriguez,1919-04-11,77019925,"1686 Ortiz Shoal Suite 629
Meltonmouth, MI 29778",Slovakia (Slovak Republic)
93,Diamond Bradley,1905-11-24,37469805,"5353 Danielle Knoll Suite 163
Isabellastad, VA 74979",Uzbekistan
94,Shannon Turner,1913-10-02,87695644,"9457 Sanchez Key
Jodiville, MP 68609",Seychelles
95,John Knight,1927-08-09,46283837,"1172 Jake Brooks Apt. 141
Port Brianmouth, AS 28708",Colombia
96,Paige Wang,1909-03-31,56348757,"Unit 8248 Box 4403
DPO AA 28808",Norfolk Island
97,Danielle Wells,1952-12-04,55347633,"568 Clark Hill Suite 706
Estradastad, LA 62456",Vietnam
98,Kelly Riley,1993-06-18,16089513,"437 Marie Mews
Lake Davidburgh, IL 11733",Paraguay
99,Dalton White,1938-11-10,34610753,"20833 Justin Parkways
South Dana, TX 15223",San Marino
